{"cameraMode":{"drawMode":0,"name":"Shaded","section":"Shading Mode"},"sceneLighting":false,"audioPlay":false,"sceneViewState":{"m_AlwaysRefresh":false,"showFog":true,"showSkybox":false,"showFlares":true,"showImageEffects":true,"showParticleSystems":true,"showVisualEffectGraphs":true,"m_FxEnabled":true},"in2DMode":false,"pivot":{"x":-1.3899998664855958,"y":2.130000114440918,"z":-0.8500000238418579},"rotation":{"x":0.30209752917289736,"y":0.6605533361434937,"z":-0.33139970898628237,"w":0.6021727323532105},"size":1.2688578367233277,"orthographic":false}